{"runpar":{"run_number":0,"beam_energy":0.0,"current":0.0},"run_info":{"r3048":{"run_number":3048,"beam_energy":3.027247294729E12,"target":"LH2","current":15.0,"cut_type":{"cut_nom":{"cutlvl":0,"cut_ecdetectors":{"ec_sf_cut":{"cut_name":"ECSFCut","ec_max_fit_values_sector_1":[-2.27443E-5,2.1585E-4,0.003401,0.281033],"ec_min_fit_values_sector_1":[-4.4476E-4,-0.0033433,-0.042742,0.051381],"ec_max_fit_values_sector_2":[-9.8297E-4,0.01054,-0.02541,0.32973],"ec_min_fit_values_sector_2":[0.002422,-0.032483,0.12361,0.001471],"ec_max_fit_values_sector_3":[-9.8576E-4,0.013365,-0.04506,0.35207],"ec_min_fit_values_sector_3":[0.001505,-0.0272,0.118194,0.009738],"ec_max_fit_values_sector_4":[-3.5624E-4,0.00614,-0.02418,0.339398],"ec_min_fit_values_sector_4":[0.001166,-0.02028,0.10928,-0.006886],"ec_max_fit_values_sector_5":[0.001334,-0.008054,0.0175172,0.307856],"ec_min_fit_values_sector_5":[2.42525E-4,-0.015441,0.093504,0.019457],"ec_max_fit_values_sector_6":[2.86206E-4,-0.003115,0.017801,0.29787],"ec_min_fit_values_sector_6":[-1.64413E-4,-0.008059,0.057283,0.060298]}}}}},"r3049":{"run_number":3049,"beam_energy":6.4,"target":"LH2","current":15.0,"cut_type":{"cut_nom":{"cutlvl":0,"cut_ecdetectors":{"ec_sf_cut":{"cut_name":"ECSFCut","ec_max_fit_values_sector_1":[4.2866E-4,-0.002397,0.01105,0.26797],"ec_min_fit_values_sector_1":[-0.002816,0.021608,-0.043623,0.143014],"ec_max_fit_values_sector_2":[-0.002879,0.03119,-0.091652,0.384107],"ec_min_fit_values_sector_2":[0.0018919,-0.028538,0.115625,0.020331],"ec_max_fit_values_sector_3":[5.2159E-4,-0.004597,0.017591,0.2880318],"ec_min_fit_values_sector_3":[-0.0050028,0.0409137,-0.0933251,0.2007609],"ec_max_fit_values_sector_4":[-0.0015152,0.0161868,-0.04793,0.342436],"ec_min_fit_values_sector_4":[0.0028199,-0.0390165,0.169189,-0.047653],"ec_max_fit_values_sector_5":[-0.0021557,0.025923,-0.0813479,0.3864457],"ec_min_fit_values_sector_5":[0.003677,-0.049225,0.19465,-0.07076],"ec_max_fit_values_sector_6":[0.0014578,-0.01199,0.0274104,0.3094696],"ec_min_fit_values_sector_6":[-0.003688,0.0242443,-0.0225051,0.114327]}}}}},"3059":{"run_number":3059,"beam_energy":3.4582,"target":"LH2","current":5.0,"cut_type":{"cut_nom":{"cutlvl":0,"cut_ecdetectors":{"ec_sf_cut":{"cut_name":"ECSFCut","ec_max_fit_values_sector_1":[0.3,0.4,0.5,0.6,0.6]}}}}}}}