{"runpar":{"run_number":0,"beam_energy":0.0,"current":0.0},"run_info":{"r3048":{"run_number":3048,"beam_energy":6.4,"target":"LH2","current":15.0,"cut_type":{"cut_nom":{"cutlvl":0,"cut_ecdetectors":{"ec_sf_cut":{"cut_name":"ECSFCut","ec_max_fit_values_sector_1":[0.340248532614159,-0.08337431099545847,0.056043017623713276],"ec_min_fit_values_sector_1":[0.16132296185544553,0.08990047088178521,-0.1463522843721235],"ec_max_fit_values_sector_2":[0.340248532614159,-0.08337431099545847,0.056043017623713276],"ec_min_fit_values_sector_2":[0.16132296185544553,0.08990047088178521,-0.1463522843721235],"ec_max_fit_values_sector_3":[0.340248532614159,-0.08337431099545847,0.056043017623713276],"ec_min_fit_values_sector_3":[0.16132296185544553,0.08990047088178521,-0.1463522843721235],"ec_max_fit_values_sector_4":[0.340248532614159,-0.08337431099545847,0.056043017623713276],"ec_min_fit_values_sector_4":[0.16132296185544553,0.08990047088178521,-0.1463522843721235],"ec_max_fit_values_sector_5":[0.340248532614159,-0.08337431099545847,0.056043017623713276],"ec_min_fit_values_sector_5":[0.16132296185544553,0.08990047088178521,-0.1463522843721235],"ec_max_fit_values_sector_6":[0.340248532614159,-0.08337431099545847,0.056043017623713276],"ec_min_fit_values_sector_6":[0.16132296185544553,0.08990047088178521,-0.1463522843721235]}}}}},"r3049":{"run_number":3049,"beam_energy":6.4,"target":"LH2","current":15.0,"cut_type":{"cut_nom":{"cutlvl":0,"cut_ecdetectors":{"ec_sf_cut":{"cut_name":"ECSFCut","ec_max_fit_values_sector_1":[0.0,0.0,0.0],"ec_min_fit_values_sector_1":[0.0,0.0,0.0],"ec_max_fit_values_sector_2":[0.0,0.0,0.0],"ec_min_fit_values_sector_2":[0.0,0.0,0.0],"ec_max_fit_values_sector_3":[0.0,0.0,0.0],"ec_min_fit_values_sector_3":[0.0,0.0,0.0],"ec_max_fit_values_sector_4":[0.0,0.0,0.0],"ec_min_fit_values_sector_4":[0.0,0.0,0.0],"ec_max_fit_values_sector_5":[0.0,0.0,0.0],"ec_min_fit_values_sector_5":[0.0,0.0,0.0],"ec_max_fit_values_sector_6":[0.0,0.0,0.0],"ec_min_fit_values_sector_6":[0.0,0.0,0.0]}}}}},"r3050":{"run_number":3050,"beam_energy":6.4,"target":"LH2","current":15.0,"cut_type":{"cut_nom":{"cutlvl":0,"cut_ecdetectors":{"ec_sf_cut":{"cut_name":"ECSFCut","ec_max_fit_values_sector_1":[0.0,0.0,0.0],"ec_min_fit_values_sector_1":[0.0,0.0,0.0],"ec_max_fit_values_sector_2":[0.0,0.0,0.0],"ec_min_fit_values_sector_2":[0.0,0.0,0.0],"ec_max_fit_values_sector_3":[0.0,0.0,0.0],"ec_min_fit_values_sector_3":[0.0,0.0,0.0],"ec_max_fit_values_sector_4":[0.0,0.0,0.0],"ec_min_fit_values_sector_4":[0.0,0.0,0.0],"ec_max_fit_values_sector_5":[0.0,0.0,0.0],"ec_min_fit_values_sector_5":[0.0,0.0,0.0],"ec_max_fit_values_sector_6":[0.0,0.0,0.0],"ec_min_fit_values_sector_6":[0.0,0.0,0.0]}}}}},"r3105":{"run_number":3105,"beam_energy":6.4,"target":"LH2","current":15.0,"cut_type":{"cut_nom":{"cutlvl":0,"cut_ecdetectors":{"ec_sf_cut":{"cut_name":"ECSFCut","ec_max_fit_values_sector_1":[0.28037894378426986,0.0378156960309633,-0.025128564243977775],"ec_min_fit_values_sector_1":[0.21611080716149403,-0.13022441417257571,0.06080953463639302],"ec_max_fit_values_sector_2":[0.28037894378426986,0.0378156960309633,-0.025128564243977775],"ec_min_fit_values_sector_2":[0.21611080716149403,-0.13022441417257571,0.06080953463639302],"ec_max_fit_values_sector_3":[0.28037894378426986,0.0378156960309633,-0.025128564243977775],"ec_min_fit_values_sector_3":[0.21611080716149403,-0.13022441417257571,0.06080953463639302],"ec_max_fit_values_sector_4":[0.28037894378426986,0.0378156960309633,-0.025128564243977775],"ec_min_fit_values_sector_4":[0.21611080716149403,-0.13022441417257571,0.06080953463639302],"ec_max_fit_values_sector_5":[0.28037894378426986,0.0378156960309633,-0.025128564243977775],"ec_min_fit_values_sector_5":[0.21611080716149403,-0.13022441417257571,0.06080953463639302],"ec_max_fit_values_sector_6":[0.28037894378426986,0.0378156960309633,-0.025128564243977775],"ec_min_fit_values_sector_6":[0.21611080716149403,-0.13022441417257571,0.06080953463639302]}}}}},"r2476":{"run_number":2476,"beam_energy":6.4,"target":"LH2","current":15.0,"cut_type":{"cut_nom":{"cutlvl":0,"cut_ecdetectors":{"ec_sf_cut":{"cut_name":"ECSFCut","ec_max_fit_values_sector_1":[0.28037894378426986,0.0378156960309633,-0.025128564243977775],"ec_min_fit_values_sector_1":[0.21611080716149403,-0.13022441417257571,0.06080953463639302],"ec_max_fit_values_sector_2":[0.28037894378426986,0.0378156960309633,-0.025128564243977775],"ec_min_fit_values_sector_2":[0.21611080716149403,-0.13022441417257571,0.06080953463639302],"ec_max_fit_values_sector_3":[0.28037894378426986,0.0378156960309633,-0.025128564243977775],"ec_min_fit_values_sector_3":[0.21611080716149403,-0.13022441417257571,0.06080953463639302],"ec_max_fit_values_sector_4":[0.28037894378426986,0.0378156960309633,-0.025128564243977775],"ec_min_fit_values_sector_4":[0.21611080716149403,-0.13022441417257571,0.06080953463639302],"ec_max_fit_values_sector_5":[0.28037894378426986,0.0378156960309633,-0.025128564243977775],"ec_min_fit_values_sector_5":[0.21611080716149403,-0.13022441417257571,0.06080953463639302],"ec_max_fit_values_sector_6":[0.28037894378426986,0.0378156960309633,-0.025128564243977775],"ec_min_fit_values_sector_6":[0.21611080716149403,-0.13022441417257571,0.06080953463639302]}}}}},"r3059":{"run_number":3059,"beam_energy":3.4582,"target":"LH2","current":5.0,"cut_type":{"cut_nom":{"cutlvl":0,"cut_ecdetectors":{"ec_sf_cut":{"cut_name":"ECSFCut","ec_max_fit_values_sector_1":[0.3,0.4,0.5,0.6,0.6]}}}}}}}
