{"runpar":{"run_number":0,"beam_energy":0.0,"current":0.0},"run_info":{"r3048":{"run_number":3048,"beam_energy":6.4,"target":"LH2","current":15.0,"cut_type":{"cut_nom":{"cutlvl":0,"cut_ecdetectors":{"ec_sf_cut":{"cut_name":"ECSFCut","ec_max_fit_values_sector_1":[0.340248532614159,-0.08337431099545847,0.056043017623713276],"ec_min_fit_values_sector_1":[0.16132296185544553,0.08990047088178521,-0.1463522843721235],"ec_max_fit_values_sector_2":[0.340248532614159,-0.08337431099545847,0.056043017623713276],"ec_min_fit_values_sector_2":[0.16132296185544553,0.08990047088178521,-0.1463522843721235],"ec_max_fit_values_sector_3":[0.340248532614159,-0.08337431099545847,0.056043017623713276],"ec_min_fit_values_sector_3":[0.16132296185544553,0.08990047088178521,-0.1463522843721235],"ec_max_fit_values_sector_4":[0.340248532614159,-0.08337431099545847,0.056043017623713276],"ec_min_fit_values_sector_4":[0.16132296185544553,0.08990047088178521,-0.1463522843721235],"ec_max_fit_values_sector_5":[0.340248532614159,-0.08337431099545847,0.056043017623713276],"ec_min_fit_values_sector_5":[0.16132296185544553,0.08990047088178521,-0.1463522843721235],"ec_max_fit_values_sector_6":[0.340248532614159,-0.08337431099545847,0.056043017623713276],"ec_min_fit_values_sector_6":[0.16132296185544553,0.08990047088178521,-0.1463522843721235]}}}}},"r3049":{"run_number":3049,"beam_energy":6.4,"target":"LH2","current":15.0,"cut_type":{"cut_nom":{"cutlvl":0,"cut_ecdetectors":{"ec_sf_cut":{"cut_name":"ECSFCut","ec_max_fit_values_sector_1":[0.0,0.0,0.0],"ec_min_fit_values_sector_1":[0.0,0.0,0.0],"ec_max_fit_values_sector_2":[0.0,0.0,0.0],"ec_min_fit_values_sector_2":[0.0,0.0,0.0],"ec_max_fit_values_sector_3":[0.0,0.0,0.0],"ec_min_fit_values_sector_3":[0.0,0.0,0.0],"ec_max_fit_values_sector_4":[0.0,0.0,0.0],"ec_min_fit_values_sector_4":[0.0,0.0,0.0],"ec_max_fit_values_sector_5":[0.0,0.0,0.0],"ec_min_fit_values_sector_5":[0.0,0.0,0.0],"ec_max_fit_values_sector_6":[0.0,0.0,0.0],"ec_min_fit_values_sector_6":[0.0,0.0,0.0]}}}}},"r3050":{"run_number":3050,"beam_energy":6.4,"target":"LH2","current":15.0,"cut_type":{"cut_nom":{"cutlvl":0,"cut_ecdetectors":{"ec_sf_cut":{"cut_name":"ECSFCut","ec_max_fit_values_sector_1":[0.3327900440590345,-0.06601674429385357,0.07214225301201294],"ec_min_fit_values_sector_1":[0.19870021358011516,0.01358836917841233,-0.10727784672172927],"ec_max_fit_values_sector_2":[0.3327900440590345,-0.06601674429385357,0.07214225301201294],"ec_min_fit_values_sector_2":[0.19870021358011516,0.01358836917841233,-0.10727784672172927],"ec_max_fit_values_sector_3":[0.3327900440590345,-0.06601674429385357,0.07214225301201294],"ec_min_fit_values_sector_3":[0.19870021358011516,0.01358836917841233,-0.10727784672172927],"ec_max_fit_values_sector_4":[0.3327900440590345,-0.06601674429385357,0.07214225301201294],"ec_min_fit_values_sector_4":[0.19870021358011516,0.01358836917841233,-0.10727784672172927],"ec_max_fit_values_sector_5":[0.3327900440590345,-0.06601674429385357,0.07214225301201294],"ec_min_fit_values_sector_5":[0.19870021358011516,0.01358836917841233,-0.10727784672172927],"ec_max_fit_values_sector_6":[0.3327900440590345,-0.06601674429385357,0.07214225301201294],"ec_min_fit_values_sector_6":[0.19870021358011516,0.01358836917841233,-0.10727784672172927]}},"cut_betadetectors":{"pr_beta_cut_ftofl2":{"cut_name": "PRBetaCutFTOF2", "pr_beta_max_fit_values_sector_1":[1,2,3],"pr_beta_max_fit_values_sector_2":[0,0,0],"pr_beta_max_fit_values_sector_3":[0,0,0],"pr_beta_max_fit_values_sector_4":[0,0,0],"pr_beta_max_fit_values_sector_5":[0,0,0],"pr_beta_max_fit_values_sector_6":[0,0,0], "pr_beta_min_fit_values_sector_1":[0,0,0],"pr_beta_min_fit_values_sector_2":[0,0,0],"pr_beta_min_fit_values_sector_3":[0,0,0],"pr_beta_min_fit_values_sector_4":[0,0,0],"pr_beta_min_fit_values_sector_5":[0,0,0], "pr_beta_min_fit_values_sector_6":[0,0,0]},"pip_beta_cut_ftofl2":{"cut_name": "PIPBetaCutFTOF2", "pip_beta_max_fit_values_sector_1":[1,2,3],"pip_beta_max_fit_values_sector_2":[0,0,0],"pip_beta_max_fit_values_sector_3":[0,0,0],"pip_beta_max_fit_values_sector_4":[0,0,0],"pip_beta_max_fit_values_sector_5":[0,0,0],"pip_beta_max_fit_values_sector_6":[0,0,0], "pip_beta_min_fit_values_sector_1":[0,0,0],"pip_beta_min_fit_values_sector_2":[0,0,0],"pip_beta_min_fit_values_sector_3":[0,0,0],"pip_beta_min_fit_values_sector_4":[0,0,0],"pip_beta_min_fit_values_sector_5":[0,0,0], "pip_beta_min_fit_values_sector_6":[0,0,0]},"kp_beta_cut_ftofl2":{"cut_name": "KPBetaCutFTOF2", "kp_beta_max_fit_values_sector_1":[1,2,3],"kp_beta_max_fit_values_sector_2":[0,0,0],"kp_beta_max_fit_values_sector_3":[0,0,0],"kp_beta_max_fit_values_sector_4":[0,0,0],"kp_beta_max_fit_values_sector_5":[0,0,0],"kp_beta_max_fit_values_sector_6":[0,0,0], "kp_beta_min_fit_values_sector_1":[0,0,0],"kp_beta_min_fit_values_sector_2":[0,0,0],"kp_beta_min_fit_values_sector_3":[0,0,0],"kp_beta_min_fit_values_sector_4":[0,0,0],"kp_beta_min_fit_values_sector_5":[0,0,0], "kp_beta_min_fit_values_sector_6":[0,0,0]}}}}},"r3105":{"run_number":3105,"beam_energy":6.4,"target":"LH2","current":15.0,"cut_type":{"cut_nom":{"cutlvl":0,"cut_ecdetectors":{"ec_sf_cut":{"cut_name":"ECSFCut","ec_max_fit_values_sector_1":[0.28037894378426986,0.0378156960309633,-0.025128564243977775],"ec_min_fit_values_sector_1":[0.21611080716149403,-0.13022441417257571,0.06080953463639302],"ec_max_fit_values_sector_2":[0.28037894378426986,0.0378156960309633,-0.025128564243977775],"ec_min_fit_values_sector_2":[0.21611080716149403,-0.13022441417257571,0.06080953463639302],"ec_max_fit_values_sector_3":[0.28037894378426986,0.0378156960309633,-0.025128564243977775],"ec_min_fit_values_sector_3":[0.21611080716149403,-0.13022441417257571,0.06080953463639302],"ec_max_fit_values_sector_4":[0.28037894378426986,0.0378156960309633,-0.025128564243977775],"ec_min_fit_values_sector_4":[0.21611080716149403,-0.13022441417257571,0.06080953463639302],"ec_max_fit_values_sector_5":[0.28037894378426986,0.0378156960309633,-0.025128564243977775],"ec_min_fit_values_sector_5":[0.21611080716149403,-0.13022441417257571,0.06080953463639302],"ec_max_fit_values_sector_6":[0.28037894378426986,0.0378156960309633,-0.025128564243977775],"ec_min_fit_values_sector_6":[0.21611080716149403,-0.13022441417257571,0.06080953463639302]}}}}},"r2476":{"run_number":2476,"beam_energy":2.221,"target":"LH2","current":15.0,"cut_type":{"cut_nom":{"cutlvl":0,"cut_ecdetectors":{"ec_sf_cut":{"cut_name":"ECSFCut","ec_max_fit_values_sector_1":[0.28037894378426986,0.0378156960309633,-0.025128564243977775],"ec_min_fit_values_sector_1":[0.21611080716149403,-0.13022441417257571,0.06080953463639302],"ec_max_fit_values_sector_2":[0.28037894378426986,0.0378156960309633,-0.025128564243977775],"ec_min_fit_values_sector_2":[0.21611080716149403,-0.13022441417257571,0.06080953463639302],"ec_max_fit_values_sector_3":[0.28037894378426986,0.0378156960309633,-0.025128564243977775],"ec_min_fit_values_sector_3":[0.21611080716149403,-0.13022441417257571,0.06080953463639302],"ec_max_fit_values_sector_4":[0.28037894378426986,0.0378156960309633,-0.025128564243977775],"ec_min_fit_values_sector_4":[0.21611080716149403,-0.13022441417257571,0.06080953463639302],"ec_max_fit_values_sector_5":[0.28037894378426986,0.0378156960309633,-0.025128564243977775],"ec_min_fit_values_sector_5":[0.21611080716149403,-0.13022441417257571,0.06080953463639302],"ec_max_fit_values_sector_6":[0.28037894378426986,0.0378156960309633,-0.025128564243977775],"ec_min_fit_values_sector_6":[0.21611080716149403,-0.13022441417257571,0.06080953463639302]}}}}},"r3222":{"run_number":3222,"beam_energy":10.594,"target":"LH2","current":15.0,"cut_type":{"cut_nom":{"cutlvl":0,"cut_ecdetectors":{"ec_sf_cut":{"cut_name":"ECSFCut","ec_max_fit_values_sector_1":[0.28037894378426986,0.0378156960309633,-0.025128564243977775],"ec_min_fit_values_sector_1":[0.21611080716149403,-0.13022441417257571,0.06080953463639302],"ec_max_fit_values_sector_2":[0.28037894378426986,0.0378156960309633,-0.025128564243977775],